vendor name,category,products,email,phone,instagram,booth
The Gilded Thread,fiber arts,"hand-embroidered linens, tea towels",orders@gildedthread.com,3015550122,instagram.com/thegildedthread,Booth a1
  Stone & Sage Pottery ,Ceramics,"Stoneware dinnerware, vases", kiln@stonesage.com,703-555-0119,@STONEANDSAGEPOTTERY,A2
Cedar & Salt Soap Co.,SKINCARE,"cold-process soaps, shower steamers",HELLO@CEDARSALT.COM,(703) 555 0142,@cedarandsalt,A3
JUNIPER HILL FARM,specialty food,"Small-batch jams, pickles, hot sauces",farm@juniperhill.com,540.555.0126,juniperhillfarm,Booth a4
saffron sky spices,food,"hand-blended spice mixes, infused salts",blend@saffronsky.com,2025550187,https://www.instagram.com/saffronskyspices/,B1
The Paper Lantern,Paper,"Origami mobiles, paper garlands, cards",fold@paperlantern.com,202-555-0128,instagram.com/thepaperlanterndc,B2
  Oakheart Cutting Boards ,wood working,"end-grain cutting boards, cheese boards",wood@oakheart.shop,(540) 555 0153,@OAKHEARTBOARDS,Booth b3
Pinecone & Petal Wreaths,florals,"Dried-flower wreaths, seasonal swags",WREATHS@PINECONEPETAL.COM,703.555.0181,@pineconeandpetal,B4
Cedar & Salt Soap Co.,SKINCARE,"cold-process soaps, shower steamers",HELLO@CEDARSALT.COM,(703) 555 0142,@cedarandsalt,A3
